{"isStage":false,"name":"Background","variables":{},"lists":{},"broadcasts":{},"blocks":{},"comments":{"|_-6H%.Q8c1v`boL6D*L":{"blockId":null,"x":39.999999999999325,"y":47.40740740740673,"width":708.1480712890625,"height":145.18519592285156,"minimized":false,"text":"This is a large tiled costume of the grass and dark area tile. It can be used to avoid the need to stamp lots of the same base costume..."}},"currentCostume":1,"costumes":[{"name":"tiny","bitmapResolution":1,"dataFormat":"svg","assetId":"cd21514d0531fdffb22204e0ec5ed84a","md5ext":"cd21514d0531fdffb22204e0ec5ed84a.svg","rotationCenterX":0,"rotationCenterY":0},{"name":"Grass","bitmapResolution":2,"dataFormat":"png","assetId":"63b9e31f989cf074b1468ed9ed6ade07","md5ext":"63b9e31f989cf074b1468ed9ed6ade07.png","rotationCenterX":256,"rotationCenterY":224},{"name":"Room","bitmapResolution":2,"dataFormat":"png","assetId":"fa7a3016bbdb6cbd8cebce7ae2352a95","md5ext":"fa7a3016bbdb6cbd8cebce7ae2352a95.png","rotationCenterX":256,"rotationCenterY":224}],"sounds":[],"volume":100,"visible":true,"x":0,"y":0,"size":200,"direction":90,"draggable":false,"rotationStyle":"all around"}