{"isStage":false,"name":"Player","variables":{},"lists":{},"broadcasts":{},"blocks":{"Y!M|SfU~nDUA{zf.O|v{":{"opcode":"argument_reporter_boolean","next":null,"parent":null,"inputs":{},"fields":{"VALUE":["last?",null]},"shadow":true,"topLevel":true,"x":1715,"y":68}},"comments":{".3N-9+l?7}[|mmG(e/vw":{"blockId":null,"x":44,"y":46,"width":778,"height":178,"minimized":false,"text":"Player Sprites: https://opengameart.org/content/tiny-adventure-pack\nAuthor: Vryell\n\nCopyright/Attribution Notice: \nAvailable for personal and commercial use, credit is not necessary but I would love to see what you do with it! You can find me in Twitter - @Vryell Color palette: Rosy-42 by @PineTreePizza"}},"currentCostume":2,"costumes":[{"name":"idle0","bitmapResolution":2,"dataFormat":"png","assetId":"73d400d6679b9eb10fe21f4b0f47904b","md5ext":"73d400d6679b9eb10fe21f4b0f47904b.png","rotationCenterX":14,"rotationCenterY":16},{"name":"idle90","bitmapResolution":2,"dataFormat":"png","assetId":"14e53ee56997d3712acde4f794a8dd71","md5ext":"14e53ee56997d3712acde4f794a8dd71.png","rotationCenterX":10,"rotationCenterY":16},{"name":"idle180","bitmapResolution":2,"dataFormat":"png","assetId":"7c0431f6e0ca6e9bda976857a94b1b82","md5ext":"7c0431f6e0ca6e9bda976857a94b1b82.png","rotationCenterX":14,"rotationCenterY":16},{"name":"idle-90","bitmapResolution":2,"dataFormat":"png","assetId":"26c84746ec8570d13de9fe29e4cd1b46","md5ext":"26c84746ec8570d13de9fe29e4cd1b46.png","rotationCenterX":10,"rotationCenterY":16},{"name":"walk0","bitmapResolution":2,"dataFormat":"png","assetId":"a4fc9c3d8fc1da7a5f1926438b5f19b4","md5ext":"a4fc9c3d8fc1da7a5f1926438b5f19b4.png","rotationCenterX":12,"rotationCenterY":17},{"name":"walk0.1","bitmapResolution":2,"dataFormat":"png","assetId":"a4fc9c3d8fc1da7a5f1926438b5f19b4","md5ext":"a4fc9c3d8fc1da7a5f1926438b5f19b4.png","rotationCenterX":12,"rotationCenterY":15},{"name":"walk0.2","bitmapResolution":2,"dataFormat":"png","assetId":"d64b2fb798b05e8ba7cd2d8e85be02fe","md5ext":"d64b2fb798b05e8ba7cd2d8e85be02fe.png","rotationCenterX":12,"rotationCenterY":11},{"name":"walk0.3","bitmapResolution":2,"dataFormat":"png","assetId":"78471964210ac5b687718b831e5395bb","md5ext":"78471964210ac5b687718b831e5395bb.png","rotationCenterX":12,"rotationCenterY":17},{"name":"walk0.4","bitmapResolution":2,"dataFormat":"png","assetId":"78471964210ac5b687718b831e5395bb","md5ext":"78471964210ac5b687718b831e5395bb.png","rotationCenterX":12,"rotationCenterY":15},{"name":"walk0.5","bitmapResolution":2,"dataFormat":"png","assetId":"4a83f1b43deda307c78ccc37855a63b2","md5ext":"4a83f1b43deda307c78ccc37855a63b2.png","rotationCenterX":12,"rotationCenterY":11},{"name":"walk90","bitmapResolution":2,"dataFormat":"png","assetId":"31499ebe74fa95ec2175f0b00656950e","md5ext":"31499ebe74fa95ec2175f0b00656950e.png","rotationCenterX":12,"rotationCenterY":17},{"name":"walk90.1","bitmapResolution":2,"dataFormat":"png","assetId":"fd07cd8014d7f1946fdccdd38d3ec682","md5ext":"fd07cd8014d7f1946fdccdd38d3ec682.png","rotationCenterX":10,"rotationCenterY":15},{"name":"walk90.2","bitmapResolution":2,"dataFormat":"png","assetId":"fb35504ed064d38d23d462d17cc740df","md5ext":"fb35504ed064d38d23d462d17cc740df.png","rotationCenterX":10,"rotationCenterY":11},{"name":"walk90.3","bitmapResolution":2,"dataFormat":"png","assetId":"36aa4d2fd36a6e695aa8a79b60548805","md5ext":"36aa4d2fd36a6e695aa8a79b60548805.png","rotationCenterX":10,"rotationCenterY":17},{"name":"walk90.4","bitmapResolution":2,"dataFormat":"png","assetId":"99502552a85cd582109dc48083260b3c","md5ext":"99502552a85cd582109dc48083260b3c.png","rotationCenterX":10,"rotationCenterY":13},{"name":"walk90.5","bitmapResolution":2,"dataFormat":"png","assetId":"190824e464a33ca6cb56d534802bc412","md5ext":"190824e464a33ca6cb56d534802bc412.png","rotationCenterX":12,"rotationCenterY":11},{"name":"walk180","bitmapResolution":2,"dataFormat":"png","assetId":"cef89af9b60eb360f3967f18eeba9883","md5ext":"cef89af9b60eb360f3967f18eeba9883.png","rotationCenterX":12,"rotationCenterY":17},{"name":"walk180.1","bitmapResolution":2,"dataFormat":"png","assetId":"cef89af9b60eb360f3967f18eeba9883","md5ext":"cef89af9b60eb360f3967f18eeba9883.png","rotationCenterX":12,"rotationCenterY":15},{"name":"walk180.2","bitmapResolution":2,"dataFormat":"png","assetId":"f72a0e27be0865f3789b26dcad647a9c","md5ext":"f72a0e27be0865f3789b26dcad647a9c.png","rotationCenterX":12,"rotationCenterY":11},{"name":"walk180.3","bitmapResolution":2,"dataFormat":"png","assetId":"385e1be3b89bcda2495a8195a327fcec","md5ext":"385e1be3b89bcda2495a8195a327fcec.png","rotationCenterX":14,"rotationCenterY":17},{"name":"walk180.4","bitmapResolution":2,"dataFormat":"png","assetId":"385e1be3b89bcda2495a8195a327fcec","md5ext":"385e1be3b89bcda2495a8195a327fcec.png","rotationCenterX":14,"rotationCenterY":15},{"name":"walk180.5","bitmapResolution":2,"dataFormat":"png","assetId":"7b22369a6e44edd78ee0d1555971ab49","md5ext":"7b22369a6e44edd78ee0d1555971ab49.png","rotationCenterX":14,"rotationCenterY":11},{"name":"walk-90","bitmapResolution":2,"dataFormat":"png","assetId":"c775322ed2a47e89690b6e54580f1761","md5ext":"c775322ed2a47e89690b6e54580f1761.png","rotationCenterX":10,"rotationCenterY":17},{"name":"walk-90.1","bitmapResolution":2,"dataFormat":"png","assetId":"f93dad492c654f8279a08cd231b2d541","md5ext":"f93dad492c654f8279a08cd231b2d541.png","rotationCenterX":10,"rotationCenterY":15},{"name":"walk-90.2","bitmapResolution":2,"dataFormat":"png","assetId":"89d20f857263bb2bc41ead4647162e00","md5ext":"89d20f857263bb2bc41ead4647162e00.png","rotationCenterX":10,"rotationCenterY":11},{"name":"walk-90.3","bitmapResolution":2,"dataFormat":"png","assetId":"9ab20962cc5d6a53f459016764060299","md5ext":"9ab20962cc5d6a53f459016764060299.png","rotationCenterX":10,"rotationCenterY":17},{"name":"walk-90.4","bitmapResolution":2,"dataFormat":"png","assetId":"c7efb17a0b6720f3936aeccc95621b7b","md5ext":"c7efb17a0b6720f3936aeccc95621b7b.png","rotationCenterX":10,"rotationCenterY":13},{"name":"walk-90.5","bitmapResolution":2,"dataFormat":"png","assetId":"20d0501da8479449393d96ccbe090e9a","md5ext":"20d0501da8479449393d96ccbe090e9a.png","rotationCenterX":10,"rotationCenterY":11},{"name":"AttackB0","bitmapResolution":2,"dataFormat":"png","assetId":"da8cdb935f6780d122f28ec904888d69","md5ext":"da8cdb935f6780d122f28ec904888d69.png","rotationCenterX":12,"rotationCenterY":14},{"name":"AttackB0.1","bitmapResolution":2,"dataFormat":"png","assetId":"9afc4e06d71a16ce6800924c600d6a4a","md5ext":"9afc4e06d71a16ce6800924c600d6a4a.png","rotationCenterX":12,"rotationCenterY":22},{"name":"AttackB0.2","bitmapResolution":2,"dataFormat":"png","assetId":"0611668fa4b1bb03f8b640a8459ce449","md5ext":"0611668fa4b1bb03f8b640a8459ce449.png","rotationCenterX":26,"rotationCenterY":18},{"name":"AttackB0.3","bitmapResolution":2,"dataFormat":"png","assetId":"43e14e1ca0779c9bf574caddce91a155","md5ext":"43e14e1ca0779c9bf574caddce91a155.png","rotationCenterX":30,"rotationCenterY":18},{"name":"AttackB0.4","bitmapResolution":2,"dataFormat":"png","assetId":"43e14e1ca0779c9bf574caddce91a155","md5ext":"43e14e1ca0779c9bf574caddce91a155.png","rotationCenterX":30,"rotationCenterY":18},{"name":"AttackB0.5","bitmapResolution":2,"dataFormat":"png","assetId":"43e14e1ca0779c9bf574caddce91a155","md5ext":"43e14e1ca0779c9bf574caddce91a155.png","rotationCenterX":30,"rotationCenterY":18},{"name":"AttackB90","bitmapResolution":2,"dataFormat":"png","assetId":"bc1fd49a51aed56ec1cb09b83b6db7c1","md5ext":"bc1fd49a51aed56ec1cb09b83b6db7c1.png","rotationCenterX":12,"rotationCenterY":16},{"name":"AttackB90.1","bitmapResolution":2,"dataFormat":"png","assetId":"660c50ce16e1f7d7b4c73634e5595b30","md5ext":"660c50ce16e1f7d7b4c73634e5595b30.png","rotationCenterX":12,"rotationCenterY":16},{"name":"AttackB90.2","bitmapResolution":2,"dataFormat":"png","assetId":"02957211928a5696c0a22838f97c7741","md5ext":"02957211928a5696c0a22838f97c7741.png","rotationCenterX":10,"rotationCenterY":16},{"name":"AttackB90.3","bitmapResolution":2,"dataFormat":"png","assetId":"0feda96f9044ef2b7a3d869db4a18af3","md5ext":"0feda96f9044ef2b7a3d869db4a18af3.png","rotationCenterX":10,"rotationCenterY":14},{"name":"AttackB90.4","bitmapResolution":2,"dataFormat":"png","assetId":"0feda96f9044ef2b7a3d869db4a18af3","md5ext":"0feda96f9044ef2b7a3d869db4a18af3.png","rotationCenterX":10,"rotationCenterY":14},{"name":"AttackB90.5","bitmapResolution":2,"dataFormat":"png","assetId":"0feda96f9044ef2b7a3d869db4a18af3","md5ext":"0feda96f9044ef2b7a3d869db4a18af3.png","rotationCenterX":10,"rotationCenterY":14},{"name":"AttackB180","bitmapResolution":2,"dataFormat":"png","assetId":"477082dc51acb00562e6b5bbac107cfa","md5ext":"477082dc51acb00562e6b5bbac107cfa.png","rotationCenterX":16,"rotationCenterY":18},{"name":"AttackB180.1","bitmapResolution":2,"dataFormat":"png","assetId":"2f3c111165e87b2404069a3f34f9c141","md5ext":"2f3c111165e87b2404069a3f34f9c141.png","rotationCenterX":12,"rotationCenterY":14},{"name":"AttackB180.2","bitmapResolution":2,"dataFormat":"png","assetId":"4a6471b588f477a66fc2eed1f653dbf2","md5ext":"4a6471b588f477a66fc2eed1f653dbf2.png","rotationCenterX":14,"rotationCenterY":10},{"name":"AttackB180.3","bitmapResolution":2,"dataFormat":"png","assetId":"86b0f553704eedacd950da4680131f62","md5ext":"86b0f553704eedacd950da4680131f62.png","rotationCenterX":14,"rotationCenterY":10},{"name":"AttackB180.4","bitmapResolution":2,"dataFormat":"png","assetId":"86b0f553704eedacd950da4680131f62","md5ext":"86b0f553704eedacd950da4680131f62.png","rotationCenterX":14,"rotationCenterY":10},{"name":"AttackB180.5","bitmapResolution":2,"dataFormat":"png","assetId":"86b0f553704eedacd950da4680131f62","md5ext":"86b0f553704eedacd950da4680131f62.png","rotationCenterX":14,"rotationCenterY":10},{"name":"AttackB-90","bitmapResolution":2,"dataFormat":"png","assetId":"e4ae6d3e1dbdfbbec0994c2f844c32bf","md5ext":"e4ae6d3e1dbdfbbec0994c2f844c32bf.png","rotationCenterX":14,"rotationCenterY":16},{"name":"AttackB-90.1","bitmapResolution":2,"dataFormat":"png","assetId":"df35e5314bfae2f53cfc7d545c5978b8","md5ext":"df35e5314bfae2f53cfc7d545c5978b8.png","rotationCenterX":20,"rotationCenterY":16},{"name":"AttackB-90.2","bitmapResolution":2,"dataFormat":"png","assetId":"8a58746ba18f17916796d32ad26b79fb","md5ext":"8a58746ba18f17916796d32ad26b79fb.png","rotationCenterX":12,"rotationCenterY":16},{"name":"AttackB-90.3","bitmapResolution":2,"dataFormat":"png","assetId":"0e9ae2b7ef4936eb94cf72339071d341","md5ext":"0e9ae2b7ef4936eb94cf72339071d341.png","rotationCenterX":12,"rotationCenterY":14},{"name":"AttackB-90.4","bitmapResolution":2,"dataFormat":"png","assetId":"0e9ae2b7ef4936eb94cf72339071d341","md5ext":"0e9ae2b7ef4936eb94cf72339071d341.png","rotationCenterX":12,"rotationCenterY":14},{"name":"AttackB-90.5","bitmapResolution":2,"dataFormat":"png","assetId":"0e9ae2b7ef4936eb94cf72339071d341","md5ext":"0e9ae2b7ef4936eb94cf72339071d341.png","rotationCenterX":12,"rotationCenterY":14}],"sounds":[],"volume":100,"visible":true,"x":0,"y":0,"size":800,"direction":90,"draggable":false,"rotationStyle":"all around"}