{"isStage":false,"name":"font","variables":{},"lists":{},"broadcasts":{},"blocks":{},"comments":{"QP?:{UwMfAP,2T8W5kEy":{"blockId":null,"x":44,"y":48,"width":700,"height":160,"minimized":false,"text":"A cute retro font with a shadow - At present I can't trace back to where I sourced it from. Attribution will be added if I can find it sorry."}},"currentCostume":3,"costumes":[{"name":" ","bitmapResolution":1,"dataFormat":"svg","assetId":"3339a2953a3bf62bb80e54ff575dbced","md5ext":"3339a2953a3bf62bb80e54ff575dbced.svg","rotationCenterX":0,"rotationCenterY":0},{"name":"a","bitmapResolution":2,"dataFormat":"png","assetId":"8bad486f1233a97c85e1be34edfa3b48","md5ext":"8bad486f1233a97c85e1be34edfa3b48.png","rotationCenterX":256,"rotationCenterY":14},{"name":"b","bitmapResolution":2,"dataFormat":"png","assetId":"6aaa23ae9ac47c1bfbbf2a31c29d0a7a","md5ext":"6aaa23ae9ac47c1bfbbf2a31c29d0a7a.png","rotationCenterX":244,"rotationCenterY":18},{"name":"c","bitmapResolution":2,"dataFormat":"png","assetId":"5d5a622039ac451ffccb1dd80aac0c1e","md5ext":"5d5a622039ac451ffccb1dd80aac0c1e.png","rotationCenterX":232,"rotationCenterY":14},{"name":"d","bitmapResolution":2,"dataFormat":"png","assetId":"9af7b1bbaa1f28298585b1688bc053a5","md5ext":"9af7b1bbaa1f28298585b1688bc053a5.png","rotationCenterX":220,"rotationCenterY":18},{"name":"e","bitmapResolution":2,"dataFormat":"png","assetId":"0024fce6ba3f096fdd2ef9cf6c9dacc0","md5ext":"0024fce6ba3f096fdd2ef9cf6c9dacc0.png","rotationCenterX":208,"rotationCenterY":14},{"name":"f","bitmapResolution":2,"dataFormat":"png","assetId":"a0240d1511813a392d03b1f1fe2b8e29","md5ext":"a0240d1511813a392d03b1f1fe2b8e29.png","rotationCenterX":196,"rotationCenterY":18},{"name":"g","bitmapResolution":2,"dataFormat":"png","assetId":"6d3a17c0ea7d62ecaffa51a22a18fd5d","md5ext":"6d3a17c0ea7d62ecaffa51a22a18fd5d.png","rotationCenterX":184,"rotationCenterY":14},{"name":"h","bitmapResolution":2,"dataFormat":"png","assetId":"e9b408246601c48552e81b2df340e350","md5ext":"e9b408246601c48552e81b2df340e350.png","rotationCenterX":172,"rotationCenterY":18},{"name":"i","bitmapResolution":2,"dataFormat":"png","assetId":"d7362d38ceacd3b8f4b532cbd787f14c","md5ext":"d7362d38ceacd3b8f4b532cbd787f14c.png","rotationCenterX":160,"rotationCenterY":18},{"name":"j","bitmapResolution":2,"dataFormat":"png","assetId":"288e54b059e18f0c465d259662164852","md5ext":"288e54b059e18f0c465d259662164852.png","rotationCenterX":148,"rotationCenterY":18},{"name":"k","bitmapResolution":2,"dataFormat":"png","assetId":"310045ea0500ed1739943c485def12d5","md5ext":"310045ea0500ed1739943c485def12d5.png","rotationCenterX":136,"rotationCenterY":18},{"name":"l","bitmapResolution":2,"dataFormat":"png","assetId":"1cc2623546ecc6c5620f85022af16d19","md5ext":"1cc2623546ecc6c5620f85022af16d19.png","rotationCenterX":124,"rotationCenterY":18},{"name":"m","bitmapResolution":2,"dataFormat":"png","assetId":"919c3768eef4305d3277088ccbbbe9b0","md5ext":"919c3768eef4305d3277088ccbbbe9b0.png","rotationCenterX":112,"rotationCenterY":14},{"name":"n","bitmapResolution":2,"dataFormat":"png","assetId":"a7ef5b726e65444517711d42feceb426","md5ext":"a7ef5b726e65444517711d42feceb426.png","rotationCenterX":88,"rotationCenterY":14},{"name":"o","bitmapResolution":2,"dataFormat":"png","assetId":"aec4adb4158d1b8259875778aeccd3e5","md5ext":"aec4adb4158d1b8259875778aeccd3e5.png","rotationCenterX":76,"rotationCenterY":14},{"name":"p","bitmapResolution":2,"dataFormat":"png","assetId":"03da9f9945da36a26017cdd0f6bc51fa","md5ext":"03da9f9945da36a26017cdd0f6bc51fa.png","rotationCenterX":64,"rotationCenterY":14},{"name":"q","bitmapResolution":2,"dataFormat":"png","assetId":"96a5f1fe66c4b1763a920a97efd327b0","md5ext":"96a5f1fe66c4b1763a920a97efd327b0.png","rotationCenterX":52,"rotationCenterY":14},{"name":"r","bitmapResolution":2,"dataFormat":"png","assetId":"8d7f61d23beb7705b7a6b0adeca4d276","md5ext":"8d7f61d23beb7705b7a6b0adeca4d276.png","rotationCenterX":40,"rotationCenterY":14},{"name":"s","bitmapResolution":2,"dataFormat":"png","assetId":"d3e1ebe0881e5bd7727e8fba0793dc54","md5ext":"d3e1ebe0881e5bd7727e8fba0793dc54.png","rotationCenterX":28,"rotationCenterY":14},{"name":"t","bitmapResolution":2,"dataFormat":"png","assetId":"7fe7ec5a5492debe7506719494d4b3e5","md5ext":"7fe7ec5a5492debe7506719494d4b3e5.png","rotationCenterX":16,"rotationCenterY":16},{"name":"u","bitmapResolution":2,"dataFormat":"png","assetId":"19348bdb557a5a2d8d41ac938790eb7d","md5ext":"19348bdb557a5a2d8d41ac938790eb7d.png","rotationCenterX":4,"rotationCenterY":14},{"name":"v","bitmapResolution":2,"dataFormat":"png","assetId":"7c8355ddca7f2da8e9b0b33fb0a77d03","md5ext":"7c8355ddca7f2da8e9b0b33fb0a77d03.png","rotationCenterX":-8,"rotationCenterY":14},{"name":"w","bitmapResolution":2,"dataFormat":"png","assetId":"1906485788023f6930cf732552dd7da9","md5ext":"1906485788023f6930cf732552dd7da9.png","rotationCenterX":-20,"rotationCenterY":14},{"name":"x","bitmapResolution":2,"dataFormat":"png","assetId":"c46b9a4b3cd93e934d8900cca40da74f","md5ext":"c46b9a4b3cd93e934d8900cca40da74f.png","rotationCenterX":-44,"rotationCenterY":14},{"name":"y","bitmapResolution":2,"dataFormat":"png","assetId":"abef7c27f4b58887479de96c260d4912","md5ext":"abef7c27f4b58887479de96c260d4912.png","rotationCenterX":-56,"rotationCenterY":14},{"name":"z","bitmapResolution":2,"dataFormat":"png","assetId":"45eac1820958ffdeb2c378bde6f3319a","md5ext":"45eac1820958ffdeb2c378bde6f3319a.png","rotationCenterX":-68,"rotationCenterY":14},{"name":"?","bitmapResolution":2,"dataFormat":"png","assetId":"289517c035f0cfe512addcdbf36bcc32","md5ext":"289517c035f0cfe512addcdbf36bcc32.png","rotationCenterX":-92,"rotationCenterY":18},{"name":"!","bitmapResolution":2,"dataFormat":"png","assetId":"06a3caf1afaded5bd40f30e1df292a9a","md5ext":"06a3caf1afaded5bd40f30e1df292a9a.png","rotationCenterX":-104,"rotationCenterY":18},{"name":"'","bitmapResolution":2,"dataFormat":"png","assetId":"0263f844d4a060c321e2ce155d58c400","md5ext":"0263f844d4a060c321e2ce155d58c400.png","rotationCenterX":-116,"rotationCenterY":18},{"name":"\"","bitmapResolution":2,"dataFormat":"png","assetId":"b29041fc1d1bee1941f934524a33e8c9","md5ext":"b29041fc1d1bee1941f934524a33e8c9.png","rotationCenterX":-116,"rotationCenterY":18},{"name":"“","bitmapResolution":2,"dataFormat":"png","assetId":"2b138d2958e4f805e18386b25966881c","md5ext":"2b138d2958e4f805e18386b25966881c.png","rotationCenterX":-128,"rotationCenterY":18},{"name":"”","bitmapResolution":2,"dataFormat":"png","assetId":"b6fb4dda3b89388bc31513be9ace5aa4","md5ext":"b6fb4dda3b89388bc31513be9ace5aa4.png","rotationCenterX":-142,"rotationCenterY":18},{"name":"%","bitmapResolution":2,"dataFormat":"png","assetId":"360b14917460a201974878cb6d5b4a9e","md5ext":"360b14917460a201974878cb6d5b4a9e.png","rotationCenterX":-152,"rotationCenterY":18},{"name":",","bitmapResolution":2,"dataFormat":"png","assetId":"bc69b424fc7db93ffe64fb9ebf1102d2","md5ext":"bc69b424fc7db93ffe64fb9ebf1102d2.png","rotationCenterX":-176,"rotationCenterY":6},{"name":".","bitmapResolution":1,"dataFormat":"svg","assetId":"2dcb421e848d37b351e962588300b261","md5ext":"2dcb421e848d37b351e962588300b261.svg","rotationCenterX":-95,"rotationCenterY":3},{"name":"&","bitmapResolution":2,"dataFormat":"png","assetId":"6ece4cae9fc0378aeae19166e76649f8","md5ext":"6ece4cae9fc0378aeae19166e76649f8.png","rotationCenterX":-200,"rotationCenterY":18},{"name":"*","bitmapResolution":2,"dataFormat":"png","assetId":"2e2514e8f2f9eef66c50be2de8197b4c","md5ext":"2e2514e8f2f9eef66c50be2de8197b4c.png","rotationCenterX":4,"rotationCenterY":18},{"name":"@","bitmapResolution":2,"dataFormat":"png","assetId":"bff9a1c2fc0135ace205e77cc93ffa6d","md5ext":"bff9a1c2fc0135ace205e77cc93ffa6d.png","rotationCenterX":-236,"rotationCenterY":18},{"name":"A","bitmapResolution":2,"dataFormat":"png","assetId":"a8cf064c9e9dce45c8e5bf883a56ae11","md5ext":"a8cf064c9e9dce45c8e5bf883a56ae11.png","rotationCenterX":256,"rotationCenterY":18},{"name":"B","bitmapResolution":2,"dataFormat":"png","assetId":"d39b0c06c80601cba2e369385d62a56c","md5ext":"d39b0c06c80601cba2e369385d62a56c.png","rotationCenterX":232,"rotationCenterY":18},{"name":"C","bitmapResolution":2,"dataFormat":"png","assetId":"e6824daf4bdcaffe766c29f61d14ea0e","md5ext":"e6824daf4bdcaffe766c29f61d14ea0e.png","rotationCenterX":220,"rotationCenterY":18},{"name":"D","bitmapResolution":2,"dataFormat":"png","assetId":"cc5a01116c5e14e52138f9b9bc87b284","md5ext":"cc5a01116c5e14e52138f9b9bc87b284.png","rotationCenterX":196,"rotationCenterY":18},{"name":"E","bitmapResolution":2,"dataFormat":"png","assetId":"f9f0dc4f0e1a72e712570df3f32063b7","md5ext":"f9f0dc4f0e1a72e712570df3f32063b7.png","rotationCenterX":172,"rotationCenterY":18},{"name":"F","bitmapResolution":2,"dataFormat":"png","assetId":"d10b00b9f8d01c91f4c7ede0ee530ee1","md5ext":"d10b00b9f8d01c91f4c7ede0ee530ee1.png","rotationCenterX":160,"rotationCenterY":18},{"name":"G","bitmapResolution":2,"dataFormat":"png","assetId":"2c3e13ec0f810411a4a0053ee844f5dd","md5ext":"2c3e13ec0f810411a4a0053ee844f5dd.png","rotationCenterX":8,"rotationCenterY":18},{"name":"H","bitmapResolution":2,"dataFormat":"png","assetId":"aeeade2b671fbc7b01148aa50e3d3ec5","md5ext":"aeeade2b671fbc7b01148aa50e3d3ec5.png","rotationCenterX":124,"rotationCenterY":18},{"name":"I","bitmapResolution":2,"dataFormat":"png","assetId":"cfc8d2a357d02619e1d6d45ef212b291","md5ext":"cfc8d2a357d02619e1d6d45ef212b291.png","rotationCenterX":100,"rotationCenterY":18},{"name":"J","bitmapResolution":2,"dataFormat":"png","assetId":"d955eaf1b84604eb8e9f870637c831f0","md5ext":"d955eaf1b84604eb8e9f870637c831f0.png","rotationCenterX":88,"rotationCenterY":18},{"name":"K","bitmapResolution":2,"dataFormat":"png","assetId":"8d38029105a9bccf754a51f4217ea9bc","md5ext":"8d38029105a9bccf754a51f4217ea9bc.png","rotationCenterX":76,"rotationCenterY":18},{"name":"L","bitmapResolution":2,"dataFormat":"png","assetId":"555eed5150410b781a4e92328be4dbbc","md5ext":"555eed5150410b781a4e92328be4dbbc.png","rotationCenterX":64,"rotationCenterY":18},{"name":"M","bitmapResolution":2,"dataFormat":"png","assetId":"4f00265a1c806bceeef5b730dd4adaae","md5ext":"4f00265a1c806bceeef5b730dd4adaae.png","rotationCenterX":52,"rotationCenterY":18},{"name":"N","bitmapResolution":2,"dataFormat":"png","assetId":"1c68723f30e1d2ae97d8377e503f0e33","md5ext":"1c68723f30e1d2ae97d8377e503f0e33.png","rotationCenterX":28,"rotationCenterY":18},{"name":"O","bitmapResolution":2,"dataFormat":"png","assetId":"7d46365c4512f3c8ccac3bb27e11a932","md5ext":"7d46365c4512f3c8ccac3bb27e11a932.png","rotationCenterX":4,"rotationCenterY":18},{"name":"P","bitmapResolution":2,"dataFormat":"png","assetId":"767dc1e88a28c241bbe8c0ccc93101ef","md5ext":"767dc1e88a28c241bbe8c0ccc93101ef.png","rotationCenterX":-20,"rotationCenterY":18},{"name":"Q","bitmapResolution":2,"dataFormat":"png","assetId":"1e911b56d498c3193da027c66ba6fdf9","md5ext":"1e911b56d498c3193da027c66ba6fdf9.png","rotationCenterX":-32,"rotationCenterY":18},{"name":"R","bitmapResolution":2,"dataFormat":"png","assetId":"cf6161e41b242740af79b0975d9d9006","md5ext":"cf6161e41b242740af79b0975d9d9006.png","rotationCenterX":-56,"rotationCenterY":18},{"name":"S","bitmapResolution":2,"dataFormat":"png","assetId":"71e5b8c7a1c67cf5e3ff74c71a05312c","md5ext":"71e5b8c7a1c67cf5e3ff74c71a05312c.png","rotationCenterX":-68,"rotationCenterY":18},{"name":"T","bitmapResolution":2,"dataFormat":"png","assetId":"41805be25d341df67ad1d9d1500cbc26","md5ext":"41805be25d341df67ad1d9d1500cbc26.png","rotationCenterX":-80,"rotationCenterY":18},{"name":"U","bitmapResolution":2,"dataFormat":"png","assetId":"7d09ae35869f85e30dec484fe8cbf62c","md5ext":"7d09ae35869f85e30dec484fe8cbf62c.png","rotationCenterX":-92,"rotationCenterY":18},{"name":"V","bitmapResolution":2,"dataFormat":"png","assetId":"05c6c3c9bc08d33a755c9fe7cc06380c","md5ext":"05c6c3c9bc08d33a755c9fe7cc06380c.png","rotationCenterX":-116,"rotationCenterY":18},{"name":"W","bitmapResolution":2,"dataFormat":"png","assetId":"200ef193060eff514a827ea9a960d9af","md5ext":"200ef193060eff514a827ea9a960d9af.png","rotationCenterX":-140,"rotationCenterY":18},{"name":"default_font4","bitmapResolution":2,"dataFormat":"png","assetId":"4cd0755ef032cf53ab4fac9006c04bdf","md5ext":"4cd0755ef032cf53ab4fac9006c04bdf.png","rotationCenterX":-164,"rotationCenterY":18},{"name":"Y","bitmapResolution":2,"dataFormat":"png","assetId":"3abb2a0a56c44dbd82348fbcf2bc65d7","md5ext":"3abb2a0a56c44dbd82348fbcf2bc65d7.png","rotationCenterX":-188,"rotationCenterY":18},{"name":"Z","bitmapResolution":2,"dataFormat":"png","assetId":"28b9ed19e335fde3abc3b36a5168ffa5","md5ext":"28b9ed19e335fde3abc3b36a5168ffa5.png","rotationCenterX":-212,"rotationCenterY":18},{"name":"$","bitmapResolution":2,"dataFormat":"png","assetId":"356e376d5119163da26051d1efa0c46b","md5ext":"356e376d5119163da26051d1efa0c46b.png","rotationCenterX":-224,"rotationCenterY":20},{"name":"#","bitmapResolution":2,"dataFormat":"png","assetId":"12ff051e41d483eef10a45637edef5d6","md5ext":"12ff051e41d483eef10a45637edef5d6.png","rotationCenterX":-236,"rotationCenterY":18},{"name":"0","bitmapResolution":2,"dataFormat":"png","assetId":"bd001993ca065c773e95bd763903a556","md5ext":"bd001993ca065c773e95bd763903a556.png","rotationCenterX":124,"rotationCenterY":18},{"name":"1","bitmapResolution":2,"dataFormat":"png","assetId":"d422ff7315414501b0e2e319e257e422","md5ext":"d422ff7315414501b0e2e319e257e422.png","rotationCenterX":100,"rotationCenterY":18},{"name":"2","bitmapResolution":2,"dataFormat":"png","assetId":"268faa9fb9996af1a7e3283f1c10f028","md5ext":"268faa9fb9996af1a7e3283f1c10f028.png","rotationCenterX":88,"rotationCenterY":18},{"name":"3","bitmapResolution":2,"dataFormat":"png","assetId":"ce27792becee1c13048868d7004242fe","md5ext":"ce27792becee1c13048868d7004242fe.png","rotationCenterX":64,"rotationCenterY":18},{"name":"4","bitmapResolution":2,"dataFormat":"png","assetId":"b33fe75dc93d15d130df5d94c1315ab0","md5ext":"b33fe75dc93d15d130df5d94c1315ab0.png","rotationCenterX":40,"rotationCenterY":18},{"name":"5","bitmapResolution":2,"dataFormat":"png","assetId":"47b067a507c06e56ad4bd7a8ea0f31b1","md5ext":"47b067a507c06e56ad4bd7a8ea0f31b1.png","rotationCenterX":16,"rotationCenterY":18},{"name":"6","bitmapResolution":2,"dataFormat":"png","assetId":"461f0ee503f4abc0a49c50f33cc5e242","md5ext":"461f0ee503f4abc0a49c50f33cc5e242.png","rotationCenterX":-8,"rotationCenterY":18},{"name":"7","bitmapResolution":2,"dataFormat":"png","assetId":"355cffe05da16a0d02472d2127ad150d","md5ext":"355cffe05da16a0d02472d2127ad150d.png","rotationCenterX":-32,"rotationCenterY":18},{"name":"8","bitmapResolution":2,"dataFormat":"png","assetId":"d4803ffd5d03a686cb6ab4644af09892","md5ext":"d4803ffd5d03a686cb6ab4644af09892.png","rotationCenterX":-56,"rotationCenterY":18},{"name":"9","bitmapResolution":2,"dataFormat":"png","assetId":"c8ff80a76b4d881dee6b476587f20a19","md5ext":"c8ff80a76b4d881dee6b476587f20a19.png","rotationCenterX":-80,"rotationCenterY":18},{"name":"-","bitmapResolution":2,"dataFormat":"png","assetId":"a651a6f11efa0a81a40615bf673d51ad","md5ext":"a651a6f11efa0a81a40615bf673d51ad.png","rotationCenterX":-104,"rotationCenterY":10},{"name":":","bitmapResolution":2,"dataFormat":"png","assetId":"6da3672c9845e8bbe650fe69e93f8c46","md5ext":"6da3672c9845e8bbe650fe69e93f8c46.png","rotationCenterX":-118,"rotationCenterY":14},{"name":";","bitmapResolution":2,"dataFormat":"png","assetId":"2698d1d1d27132a64d10556ec02b71b2","md5ext":"2698d1d1d27132a64d10556ec02b71b2.png","rotationCenterX":-116,"rotationCenterY":14},{"name":">","bitmapResolution":2,"dataFormat":"png","assetId":"5cf1175653a54b439432426093b2fe7e","md5ext":"5cf1175653a54b439432426093b2fe7e.png","rotationCenterX":8,"rotationCenterY":10},{"name":"Text Box","bitmapResolution":1,"dataFormat":"svg","assetId":"e47085da7f854529e8613c5f7f3cee86","md5ext":"e47085da7f854529e8613c5f7f3cee86.svg","rotationCenterX":226.99999999999997,"rotationCenterY":57.5},{"name":"Text Box Outline","bitmapResolution":1,"dataFormat":"svg","assetId":"12ac5201cf1d89c3d72be81d66f6b19c","md5ext":"12ac5201cf1d89c3d72be81d66f6b19c.svg","rotationCenterX":224,"rotationCenterY":54.5}],"sounds":[],"volume":100,"visible":false,"x":0,"y":0,"size":160.71428571428572,"direction":90,"draggable":false,"rotationStyle":"all around"}